Name,Comment,Rating
Alice,Absolutely love my new painting! It adds so much character to my living room.,5
John,The artwork arrived quickly and in perfect condition. Highly recommend!,5
Emily,"I was a bit hesitant at first, but the colors are even more vibrant in person!",4
Michael,Not impressed. The quality didn't meet my expectations.,2
Sarah,Customer service was helpful and the shipping was prompt. Would buy again!,4
David,The piece I got looks stunning in my office.,5
Sophia,"It took a while to arrive, but it was worth the wait. Gorgeous!",4
Daniel,"Okay experience, but nothing special about the painting.",3
Jessica,I'm in love! This painting makes me smile every day.,5
James,"Disappointed with the size, it looked bigger in the pictures.",2
Mia,Great selection of modern art. I found exactly what I was looking for!,5
Ethan,"The colors didn't turn out as expected. A little faded, unfortunately.",3
Ava,The artistry is fantastic. Will definitely shop here again!,5
Lucas,Not worth the price I paid.,1
Olivia,Wonderful piece! Can't stop looking at it.,5
Noah,"Delivery was delayed, but customer service was nice about it.",3
Isabella,"I received a damaged painting, but they replaced it quickly! Very happy now.",4
Liam,"Art is great, but the packaging could be improved.",3
Charlotte,My favorite purchase of the year! Stunning artwork.,5
Amelia,Wasn't as vibrant as the photo. A bit let down.,2
Oliver,Just perfect! It fits my decor nicely.,5
Aiden,An average experience. The painting is okay.,3
Sofia,I had a fantastic experience! The colors are so bright!,5
Jackson,I wish the description had been clearer about the size.,2
Harper,Very happy with my purchase! It’s a conversation starter.,5
Elijah,"It arrived a bit later than expected, but customer support was great.",4
Grace,This artwork brings joy to my home. Love it!,5
Sebastian,"The quality seems great, but not my style.",3
Chloe,Amazing! It transformed my bedroom.,5
Gabriel,I wasn't impressed with the craftsmanship.,2
Ella,The site is easy to navigate and I found a painting I love!,4
Henry,The color scheme didn't match my expectations.,3
Zoe,Love the modern vibe of my new artwork. Would buy again.,5
Wyatt,"Fast shipping, but the painting wasn't as described.",2
Lucy,Very pleased with the quality and service.,5
Owen,"The artwork was okay, nothing spectacular.",3
Victoria,Incredible experience! The piece looks stunning on my wall.,5
Isaac,"Not my favorite purchase, but it's decent.",3
Nora,Thrilled with my purchase! It brightened up my home.,5
Carter,Expected better from the photos. A bit disappointed.,2
Madison,Such a beautiful piece! It fits perfectly in my living room.,5
Dylan,"It arrived slightly damaged, but customer service was excellent.",4
Peyton,A beautiful addition to my gallery wall. Highly recommend!,5
Lily,"Nice art, but the shipping took longer than expected.",3
